Diffusion Energy,Rotation Energy,Coupling Energy,Dehalogenation Energy,Averaged Neighbour Frequency,Average Radius,Standard Dev Radius,Average Radius of Gyration,Standard Dev ROG
0.0,0,0.0,0.0,"{2: 20.333333333333332, 3: 19.0, 1: 8.666666666666666}",7.209834799172366,0.1409737700011654,1.0406500155287244,0.020347811014712308
0.0,0,0.0,0.36,"{3: 21.0, 2: 17.333333333333332, 1: 9.666666666666666}",7.205754226359765,0.2851344089201166,1.0400610355757738,0.041155606936313496
0.0,0,0.0,0.72,"{3: 19.666666666666668, 2: 18.333333333333332, 1: 10.0}",7.285790209822674,0.29194137845132256,1.0516132347250655,0.0421381083591154
0.0,0,0.0,1.08,"{2: 17.333333333333332, 3: 21.333333333333332, 1: 9.333333333333334}",7.197111593129082,0.24631354854152346,1.038813578920213,0.035552298388875116
0.0,0,0.0,1.44,"{3: 20.666666666666668, 2: 16.666666666666668, 1: 10.666666666666666}",7.3335495862656765,0.3166568025438915,1.0585067069364895,0.045705472547360466
0.0,0,0.0,1.8,"{3: 18.666666666666668, 2: 18.666666666666668, 1: 10.666666666666666}",7.496890521118854,0.2149383320408006,1.0820829401132814,0.031023675965731343
0.0,0,0.36,0.0,"{3: 20.333333333333332, 2: 18.333333333333332, 1: 9.333333333333334}",7.614594902132885,0.239668529827479,1.0990721041290934,0.03459317255304424
0.0,0,0.36,0.36,"{3: 24.0, 2: 14.0, 1: 10.0}",6.992192166007643,0.39347379873124894,1.0092360073175266,0.05679305090413776
0.0,0,0.36,0.72,"{3: 22.0, 2: 18.666666666666668, 1: 7.333333333333333}",7.081736905223898,0.23456539324542833,1.0221606771402811,0.033856598233204596
0.0,0,0.36,1.08,"{3: 20.333333333333332, 2: 18.666666666666668, 1: 9.0}",7.307484528270208,0.32271053796518007,1.0547445398739574,0.0465792539911314
0.0,0,0.36,1.44,"{3: 23.0, 2: 17.666666666666668, 1: 7.333333333333333}",7.096274468699202,0.48001833305930247,1.0242589936867383,0.06928467845193599
0.0,0,0.36,1.8,"{3: 23.0, 2: 17.0, 1: 8.0}",6.944525064986856,0.17510209062046184,1.0023558539160664,0.025273809788847513
0.0,0,0.72,0.0,"{3: 23.666666666666668, 2: 16.0, 1: 8.333333333333334}",6.842658349222237,0.28980573487656985,0.9876526599740248,0.04182985476092122
0.0,0,0.72,0.36,"{3: 21.666666666666668, 2: 17.333333333333332, 1: 9.0}",6.9278186270950854,0.16746101171535852,0.9999444873125629,0.024170915048157326
0.0,0,0.72,0.72,"{3: 19.666666666666668, 2: 18.0, 1: 10.333333333333334}",7.169635772738218,0.2943290662429072,1.0348477858454952,0.042482741406418424
0.0,0,0.72,1.08,"{3: 24.666666666666668, 2: 14.0, 1: 9.333333333333334}",7.259587135892755,0.6622579471796828,1.0478311467783066,0.09558870101928969
0.0,0,0.72,1.44,"{3: 22.0, 2: 17.666666666666668, 1: 8.333333333333334}",7.225226869572103,0.2947800778960858,1.0428716695258926,0.04254783933126095
0.0,0,0.72,1.8,"{3: 19.666666666666668, 2: 18.0, 1: 10.333333333333334}",7.2505986086737915,0.3519132905217117,1.046533764625935,0.05079430825352927
0.0,0,1.08,0.0,"{3: 19.0, 2: 21.333333333333332, 1: 7.666666666666667}",7.618463256868844,0.2702262632850204,1.0996304530411252,0.03900380146242828
0.0,0,1.08,0.36,"{3: 23.333333333333332, 1: 8.333333333333334, 2: 16.333333333333332}",6.884936508061192,0.3590254586601811,0.9937549865706531,0.051820861300846136
0.0,0,1.08,0.72,"{3: 22.333333333333332, 2: 16.666666666666668, 1: 9.0}",6.989021032914846,0.16992455186270009,1.0087782936813359,0.024526496439964136
0.0,0,1.08,1.08,"{3: 23.0, 2: 16.0, 1: 9.0}",6.989686993660995,0.3960587534721101,1.0088744168353505,0.057166156983007574
0.0,0,1.08,1.44,"{2: 18.666666666666668, 3: 19.333333333333332, 1: 10.0}",7.179945611223542,0.2450935223269151,1.0363358828516962,0.035376202773019526
0.0,0,1.08,1.8,"{3: 22.333333333333332, 2: 16.0, 1: 9.666666666666666}",7.144925418321954,0.19119877175484537,1.0312811534019948,0.02759716558534646
0.0,0,1.44,0.0,"{3: 22.666666666666668, 2: 17.333333333333332, 1: 8.0}",6.932586517442252,0.19948420162113162,1.0006326730064137,0.0287930643762595
0.0,0,1.44,0.36,"{3: 23.666666666666668, 2: 15.333333333333334, 1: 9.0}",7.018561740643499,0.18495026908488982,1.013042127571133,0.026695271910713702
0.0,0,1.44,0.72,"{3: 21.666666666666668, 2: 16.666666666666668, 1: 9.666666666666666}",6.946733498356178,0.3145491321237952,1.0026746138161327,0.04540125652625905
0.0,0,1.44,1.08,"{3: 20.666666666666668, 2: 18.666666666666668, 1: 8.666666666666666}",7.282640875792002,0.1821126640067883,1.0511586675124713,0.02628569889678973
0.0,0,1.44,1.44,"{3: 19.666666666666668, 2: 17.333333333333332, 1: 11.0}",7.658929769754383,0.43875045059349665,1.105471291068033,0.06332817268930623
0.0,0,1.44,1.8,"{3: 23.0, 2: 16.666666666666668, 1: 8.333333333333334}",6.979248035051616,0.34905409806545834,1.0073676829445546,0.05038161936995857
0.0,0,1.8,0.0,"{3: 21.666666666666668, 2: 16.666666666666668, 1: 9.666666666666666}",7.099772878946116,0.33772533324363485,1.0247639457111861,0.048746453015092214
0.0,0,1.8,0.36,"{3: 22.0, 2: 17.333333333333332, 1: 8.666666666666666}",7.146458631419672,0.23546516562343578,1.031502453650668,0.0339864691893676
0.0,0,1.8,0.72,"{3: 22.0, 2: 16.666666666666668, 1: 9.333333333333334}",7.052452000210743,0.3072024267804323,1.017933765192147,0.04434085094934724
0.0,0,1.8,1.08,"{3: 20.333333333333332, 2: 18.333333333333332, 1: 9.333333333333334}",7.393080191524089,0.10236555875909573,1.0670992096792309,0.014775195726327559
0.0,0,1.8,1.44,"{3: 20.666666666666668, 2: 18.0, 1: 9.333333333333334}",7.185606925522554,0.5601895849991892,1.0371530231853214,0.08085640192412666
0.0,0,1.8,1.8,"{3: 21.333333333333332, 2: 18.666666666666668, 1: 8.0}",6.9158250026811245,0.0965789586483149,0.998213356741573,0.013939971943414566
0.36,0,0.0,0.0,"{3: 22.0, 2: 15.333333333333334, 1: 10.666666666666666}",7.066252271590529,0.38855905573958344,1.019925662791149,0.05608366885682881
0.36,0,0.0,0.36,"{3: 23.0, 2: 15.333333333333334, 1: 9.666666666666666}",6.887197256403117,0.10398903746016178,0.994081297486598,0.015009524692598614
0.36,0,0.0,0.72,"{3: 21.0, 2: 17.333333333333332, 1: 9.666666666666666}",7.195608486977437,0.534120280798716,1.038596624234895,0.0770936219746943
0.36,0,0.0,1.08,"{3: 19.0, 2: 18.666666666666668, 1: 10.333333333333334}",7.220196655969457,0.377666224204967,1.0421456207315007,0.05451142405214183
0.36,0,0.0,1.44,"{3: 22.666666666666668, 2: 17.666666666666668, 1: 7.666666666666667}",6.917115390054872,0.3166606068416106,0.998399608115971,0.045706021650438536
0.36,0,0.0,1.8,"{3: 26.0, 2: 13.333333333333334, 1: 8.666666666666666}",6.665319055165292,0.08262137131875918,0.9620559376836061,0.011925367742925425
0.36,0,0.36,0.0,"{1: 9.333333333333334, 3: 19.333333333333332, 2: 19.333333333333332}",7.784473078767327,0.3721881578390332,1.123591906881428,0.05372073327938918
0.36,0,0.36,0.36,"{3: 19.333333333333332, 2: 20.666666666666668, 1: 8.0}",7.2570753366474525,0.1629514040293118,1.0474685997857003,0.023520009245287646
0.36,0,0.36,0.72,"{3: 21.0, 2: 16.0, 1: 11.0}",6.993756566717798,0.4069874216945845,1.0094618091103085,0.05874357436804009
0.36,0,0.36,1.08,"{3: 17.666666666666668, 2: 19.333333333333332, 1: 11.0}",7.47463287269792,0.2723291884873061,1.0788703252864424,0.03930733257033468
0.36,0,0.36,1.44,"{2: 22.333333333333332, 3: 16.0, 1: 9.666666666666666}",7.844997351724007,0.6955532540511271,1.1323278332024391,0.10039446461553456
0.36,0,0.36,1.8,"{3: 22.0, 2: 18.333333333333332, 1: 7.666666666666667}",7.197337848925922,0.34017338919247164,1.0388462361315158,0.04909979945535514
0.36,0,0.72,0.0,"{3: 21.666666666666668, 2: 19.666666666666668, 1: 6.666666666666667}",7.45418035593747,0.797499471060106,1.0759182587721294,0.11510913357378412
0.36,0,0.72,0.36,"{3: 21.0, 2: 20.0, 1: 7.0}",6.965393543431582,0.37452124739626313,1.0053679593279765,0.05405748575036675
0.36,0,0.72,0.72,"{3: 20.666666666666668, 2: 17.333333333333332, 1: 10.0}",7.288172080833692,0.5682791907810848,1.0519570281924118,0.08202403594308054
0.36,0,0.72,1.08,"{3: 20.0, 2: 18.666666666666668, 1: 9.333333333333334}",7.235896004058937,0.07904224093055595,1.0444116264428913,0.011408764769651964
0.36,0,0.72,1.44,"{3: 20.666666666666668, 2: 18.333333333333332, 1: 9.0}",7.047304699574622,0.28078707014543547,1.0171908163401808,0.04052812263335837
0.36,0,0.72,1.8,"{3: 18.0, 2: 21.333333333333332, 1: 8.666666666666666}",7.249826363156263,0.43938126784022513,1.0464223005865785,0.0634192233161083
0.36,0,1.08,0.0,"{3: 23.666666666666668, 2: 16.0, 1: 8.333333333333334}",6.867327293721189,0.2239969580335953,0.9912133154107982,0.0323311760045884
0.36,0,1.08,0.36,"{3: 23.666666666666668, 2: 13.333333333333334, 1: 11.0}",6.932369670154629,0.2287993355537305,1.0006013737964432,0.03302433949308847
0.36,0,1.08,0.72,"{3: 20.0, 2: 18.0, 1: 10.0}",7.4316648046124625,0.4549617306201176,1.0726684188675184,0.06566806941112568
0.36,0,1.08,1.08,"{3: 19.666666666666668, 2: 19.333333333333332, 1: 9.0}",7.163816057718511,0.44068932794771726,1.0340077823371867,0.06360802552990251
0.36,0,1.08,1.44,"{3: 23.333333333333332, 2: 14.666666666666666, 1: 10.0}",6.916397259034951,0.3714646581451084,0.9982959548315545,0.05361630509362771
0.36,0,1.08,1.8,"{3: 20.666666666666668, 2: 18.666666666666668, 1: 8.666666666666666}",7.115506126376515,0.22031043068507142,1.0270348443709783,0.03179907161532712
0.36,0,1.44,0.0,"{3: 20.333333333333332, 2: 18.0, 1: 9.666666666666666}",7.92569585258408,0.622365092118028,1.1439756585011298,0.08983066336714249
0.36,0,1.44,0.36,"{3: 23.0, 2: 16.666666666666668, 1: 8.333333333333334}",6.930711340937883,0.30160187039313263,1.0003620145915197,0.043532480264892405
0.36,0,1.44,0.72,"{3: 23.666666666666668, 2: 14.0, 1: 10.333333333333334}",7.121220117140331,0.3480277988773219,1.0278595878973873,0.05023348584182372
0.36,0,1.44,1.08,"{3: 23.333333333333332, 2: 16.666666666666668, 1: 8.0}",6.676325834185153,0.12681907590794378,0.9636446293911126,0.018304756903457724
0.36,0,1.44,1.44,"{3: 20.666666666666668, 2: 19.0, 1: 8.333333333333334}",7.711095772990322,0.29599508590837137,1.113000805070737,0.042723210632001164
0.36,0,1.44,1.8,"{3: 24.666666666666668, 2: 14.666666666666666, 1: 8.666666666666666}",6.904343206796065,0.19883566961129834,0.996556102255318,0.028699456843645624
0.36,0,1.8,0.0,"{3: 18.333333333333332, 2: 19.333333333333332, 1: 10.333333333333334}",7.444511235557269,0.22528050571268685,1.0745226414585458,0.03251644015409871
0.36,0,1.8,0.36,"{3: 20.333333333333332, 2: 17.333333333333332, 1: 10.333333333333334}",7.071777275863101,0.1621105116692845,1.0207231284671598,0.023398636887682338
0.36,0,1.8,0.72,"{3: 20.333333333333332, 2: 19.333333333333332, 1: 8.333333333333334}",7.101728306428712,0.30104596456401583,1.0250461873570507,0.04345224216987128
0.36,0,1.8,1.08,"{3: 21.0, 2: 16.666666666666668, 1: 10.333333333333334}",6.945603532358323,0.030393210056178326,1.0025115172728734,0.004386882001867841
0.36,0,1.8,1.44,"{3: 21.0, 2: 19.666666666666668, 1: 7.333333333333333}",7.66550407261746,0.4201601851718515,1.106420209949966,0.060644899002932864
0.36,0,1.8,1.8,"{3: 19.666666666666668, 2: 18.333333333333332, 1: 10.0}",7.180281907775992,0.3204609857428623,1.036384423077967,0.04625455909585359
0.72,0,0.0,0.0,"{3: 22.0, 2: 16.333333333333332, 1: 9.666666666666666}",7.4020209825302254,0.47782270859486975,1.068389701702771,0.06896776735804103
0.72,0,0.0,0.36,"{3: 18.0, 2: 20.333333333333332, 1: 9.666666666666666}",7.643319185910408,0.2734096574965384,1.1032180973719015,0.0394632848386675
0.72,0,0.0,0.72,"{3: 20.333333333333332, 2: 18.666666666666668, 1: 9.0}",7.337188611025184,0.26271613525594373,1.0590319549176117,0.037919807852619294
0.72,0,0.0,1.08,"{2: 16.666666666666668, 3: 22.0, 1: 9.333333333333334}",7.10783160125946,0.2665204849127235,1.0259271220854196,0.03846891842722761
0.72,0,0.0,1.44,"{3: 23.0, 2: 14.0, 1: 11.0}",6.8736904098669775,0.060681402720015126,0.9921317521157121,0.008758606048801222
0.72,0,0.0,1.8,"{3: 18.666666666666668, 2: 20.333333333333332, 1: 9.0}",7.508534595268894,0.3900583291877134,1.0837636174495284,0.05630007033904552
0.72,0,0.36,0.0,"{3: 23.0, 2: 18.0, 1: 7.0}",6.8507263442262945,0.22337881179932095,0.9888171747458779,0.03224195428089914
0.72,0,0.36,0.36,"{3: 20.666666666666668, 2: 17.666666666666668, 1: 9.666666666666666}",7.01193260669352,0.21594475614548692,1.0120852945035046,0.03116894077267126
0.72,0,0.36,0.72,"{3: 21.0, 2: 18.0, 1: 9.0}",7.204693270329543,0.3255678385608869,1.039907899763362,0.046991669808153134
0.72,0,0.36,1.08,"{3: 19.333333333333332, 2: 20.0, 1: 8.666666666666666}",7.495708613720307,0.35001728588944175,1.0819123464746039,0.05052064355732291
0.72,0,0.36,1.44,"{3: 24.666666666666668, 2: 15.333333333333334, 1: 8.0}",6.686162963241191,0.2112962973600821,0.9650644966682519,0.030497993539903696
0.72,0,0.36,1.8,"{3: 22.0, 2: 18.0, 1: 8.0}",7.069356072015065,0.3270464136684116,1.0203736577938034,0.04720508374223983
0.72,0,0.72,0.0,"{3: 22.0, 2: 15.666666666666666, 1: 10.333333333333334}",7.26539758168014,0.529668675723142,1.048669812388171,0.07645108812751715
0.72,0,0.72,0.36,"{3: 21.0, 2: 18.0, 1: 9.0}",7.473961547516015,0.8439412000933317,1.078773427842821,0.12181241976352526
0.72,0,0.72,0.72,"{3: 21.0, 2: 18.666666666666668, 1: 8.333333333333334}",6.970490894866688,0.17074786302831724,1.0061036986337797,0.02464533117073811
0.72,0,0.72,1.08,"{3: 21.666666666666668, 2: 18.0, 1: 8.333333333333334}",7.037064080466646,0.32915957460518785,1.0157127102905161,0.04751009225116193
0.72,0,0.72,1.44,"{3: 18.333333333333332, 2: 20.666666666666668, 1: 9.0}",7.579482099275718,0.22231878867069127,1.0940040075836963,0.03208895312123376
0.72,0,0.72,1.8,"{2: 16.666666666666668, 3: 19.666666666666668, 1: 11.666666666666666}",7.2299495638587645,0.39560595619500455,1.043553331730319,0.05710080132555127
0.72,0,1.08,0.0,"{3: 21.0, 2: 18.333333333333332, 1: 8.666666666666666}",6.910376726939332,0.245664200042788,0.9974269658750371,0.035458573006239405
0.72,0,1.08,0.36,"{3: 20.666666666666668, 2: 19.333333333333332, 1: 8.0}",7.340541823304943,0.4101703570376806,1.059515949420704,0.059202991512327455
0.72,0,1.08,0.72,"{3: 24.666666666666668, 2: 14.666666666666666, 1: 8.666666666666666}",6.613372242110951,0.18041475944203839,0.9545580610584891,0.02604062748241059
0.72,0,1.08,1.08,"{3: 19.666666666666668, 2: 19.333333333333332, 1: 9.0}",7.536325399182052,0.699667371932693,1.087774874479593,0.10098828638213464
0.72,0,1.08,1.44,"{3: 19.0, 2: 17.666666666666668, 1: 11.333333333333334}",7.2329327532606555,0.260634446278702,1.0439839180313752,0.03761934192977448
0.72,0,1.08,1.8,"{3: 22.666666666666668, 2: 15.333333333333334, 1: 10.0}",7.1371467449334345,0.3718179793993471,1.0301583986082947,0.05366730262393892
0.72,0,1.44,0.0,"{3: 19.666666666666668, 2: 19.333333333333332, 1: 9.0}",6.860069600397314,0.15377407646780386,0.9901657576122395,0.022195376110768116
0.72,0,1.44,0.36,"{3: 23.0, 2: 16.666666666666668, 1: 8.333333333333334}",6.841964402227705,0.1340258686362299,0.9875524973530007,0.019344967833875168
0.72,0,1.44,0.72,"{3: 18.333333333333332, 2: 20.666666666666668, 1: 9.0}",7.650656435478556,0.5036120409124812,1.1042771381252219,0.0726901368469894
0.72,0,1.44,1.08,"{3: 23.666666666666668, 2: 15.333333333333334, 1: 9.0}",7.405908645335053,0.09332345139961117,1.0689508374944925,0.013470079946817615
0.72,0,1.44,1.44,"{3: 21.666666666666668, 2: 18.333333333333332, 1: 8.0}",7.134545380689502,0.2856999814501249,1.0297829240216714,0.041237240299425174
0.72,0,1.44,1.8,"{3: 21.0, 2: 18.666666666666668, 1: 8.333333333333334}",7.336378073346649,1.104839441206022,1.0589149638808892,0.15946983719790317
0.72,0,1.8,0.0,"{3: 19.666666666666668, 2: 19.666666666666668, 1: 8.666666666666666}",7.287653202905344,0.462175469441924,1.0518821346145095,0.06670928292378413
0.72,0,1.8,0.36,"{3: 21.666666666666668, 2: 15.333333333333334, 1: 11.0}",7.015256420850419,0.1824385682865422,1.0125650457530602,0.02633273912770129
0.72,0,1.8,0.72,"{3: 21.666666666666668, 2: 17.333333333333332, 1: 9.0}",6.904009506434424,0.13929785522584598,0.9965079367569126,0.020105913553044905
0.72,0,1.8,1.08,"{3: 23.666666666666668, 2: 16.0, 1: 8.333333333333334}",6.836610038344541,0.25384631595744883,0.9867796614956799,0.036639559712706986
0.72,0,1.8,1.44,"{3: 19.0, 2: 20.666666666666668, 1: 8.333333333333334}",7.198209759721574,0.4130197123950282,1.0389720856146605,0.05961426053297277
0.72,0,1.8,1.8,"{3: 20.666666666666668, 2: 16.0, 1: 11.333333333333334}",7.419536711158834,0.07185048201889627,1.0709178793624659,0.010370723783753547
1.08,0,0.0,0.0,"{3: 23.333333333333332, 1: 8.666666666666666, 2: 16.0}",6.978657963878855,0.36206028892969827,1.0072825135069456,0.05225890131910872
1.08,0,0.0,0.36,"{3: 22.333333333333332, 2: 16.0, 1: 9.666666666666666}",7.1812289377462095,0.06568386104942896,1.0365211150800262,0.009480648714575457
1.08,0,0.0,0.72,"{3: 22.666666666666668, 2: 16.0, 1: 9.333333333333334}",6.814718789672419,0.1871173703275133,0.983619931917243,0.02700806603216117
1.08,0,0.0,1.08,"{3: 21.0, 2: 20.666666666666668, 1: 6.333333333333333}",7.087649243912197,0.32168386668540655,1.023014049723589,0.04643106675619484
1.08,0,0.0,1.44,"{3: 23.0, 2: 15.0, 1: 10.0}",6.931593915716772,0.21955078423335084,1.0004894032880627,0.03168942609447969
1.08,0,0.0,1.8,"{3: 18.333333333333332, 2: 21.0, 1: 8.666666666666666}",7.490713692368094,0.34363599023381663,1.0811913916777838,0.04959958286618445
1.08,0,0.36,0.0,"{3: 18.666666666666668, 2: 19.666666666666668, 1: 9.666666666666666}",7.296111221917662,0.08492600482802687,1.0531029445029028,0.012258012937165259
1.08,0,0.36,0.36,"{3: 21.333333333333332, 2: 17.0, 1: 9.666666666666666}",7.229257288001875,0.40717373780813937,1.0434534103172368,0.05877046678261885
1.08,0,0.36,0.72,"{3: 21.666666666666668, 2: 16.0, 1: 10.333333333333334}",7.282391583265233,0.6698420240974513,1.0511226852356117,0.09668336823179678
1.08,0,0.36,1.08,"{3: 22.0, 2: 18.0, 1: 8.0}",6.996540191031613,0.2650875706142014,1.0098635906720344,0.038262095063233276
1.08,0,0.36,1.44,"{3: 20.333333333333332, 2: 18.666666666666668, 1: 9.0}",7.116046263437145,0.35136825510610425,1.0271128064403168,0.05071563916754959
1.08,0,0.36,1.8,"{3: 19.666666666666668, 2: 19.333333333333332, 1: 9.0}",7.289097657526425,0.3780566978914205,1.052090623680588,0.05456778407413818
1.08,0,0.72,0.0,"{3: 22.666666666666668, 1: 10.0, 2: 15.333333333333334}",7.327022950750617,0.6878624993867556,1.057564668243609,0.09928439979659809
1.08,0,0.72,0.36,"{3: 20.333333333333332, 2: 18.0, 1: 9.666666666666666}",7.287842954775184,0.5186522525992612,1.0519095229377926,0.07486100441349726
1.08,0,0.72,0.72,"{2: 18.0, 3: 23.0, 1: 7.0}",6.696219557965098,0.14895895546959897,0.9665160410859966,0.021500373259644615
1.08,0,0.72,1.08,"{3: 23.333333333333332, 2: 15.333333333333334, 1: 9.333333333333334}",7.08521849529854,0.18137383072560556,1.0226632013819819,0.026179057498345527
1.08,0,0.72,1.44,"{3: 19.666666666666668, 2: 19.333333333333332, 1: 9.0}",7.293021393807926,0.328178637297458,1.0526569662301766,0.04736850614649289
1.08,0,0.72,1.8,"{3: 22.666666666666668, 2: 16.0, 1: 9.333333333333334}",6.833313415493301,0.3410312341653286,0.9863038349730345,0.0492236187118557
1.08,0,1.08,0.0,"{3: 22.0, 2: 16.666666666666668, 1: 9.333333333333334}",6.903595073321205,0.22620319999783142,0.9964481184895431,0.032649619602575675
1.08,0,1.08,0.36,"{3: 21.0, 2: 18.666666666666668, 1: 8.333333333333334}",7.028166271022099,0.5640311885721827,1.0144284221210143,0.0814108896383736
1.08,0,1.08,0.72,"{3: 23.333333333333332, 2: 14.666666666666666, 1: 10.0}",7.19116618740118,0.10251094969616535,1.0379554335208516,0.01479618110049134
1.08,0,1.08,1.08,"{3: 20.0, 2: 18.0, 1: 10.0}",7.709689677276633,0.48939199476348133,1.1127978526360358,0.07063764997898604
1.08,0,1.08,1.44,"{3: 23.0, 2: 14.666666666666666, 1: 10.333333333333334}",6.973500179796876,0.3403091075320247,1.0065380514999074,0.04911938871032393
1.08,0,1.08,1.8,"{3: 24.333333333333332, 2: 14.666666666666666, 1: 9.0}",6.911434834417977,0.08594659173454848,0.9975796905344438,0.012405321968468117
1.08,0,1.44,0.0,"{3: 23.0, 2: 16.0, 1: 9.0}",6.719920147196291,0.1309671026328783,0.9699369264791421,0.018903472990019394
1.08,0,1.44,0.36,"{3: 22.0, 2: 15.333333333333334, 1: 10.666666666666666}",7.142082992145986,0.28192472721910583,1.0308708845225334,0.04069232928779066
1.08,0,1.44,0.72,"{3: 21.666666666666668, 2: 17.333333333333332, 1: 9.0}",6.97679489213472,0.3280373394079443,1.0070136022636966,0.04734811155285632
1.08,0,1.44,1.08,"{3: 22.0, 2: 17.333333333333332, 1: 8.666666666666666}",7.463271956022063,0.43892619105647035,1.077230518211181,0.06335353864020754
1.08,0,1.44,1.44,"{2: 14.666666666666666, 3: 23.666666666666668, 1: 9.666666666666666}",6.974661037196273,0.3712316082406852,1.0067056068329157,0.053582667237364295
1.08,0,1.44,1.8,"{3: 23.666666666666668, 2: 16.666666666666668, 1: 7.666666666666667}",6.998645966836584,0.10759255857067535,1.0101675332289977,0.015529648163394945
1.08,0,1.8,0.0,"{3: 20.666666666666668, 2: 20.0, 1: 7.333333333333333}",7.34452046910405,0.3225306549090877,1.0600902174764848,0.04655329010841709
1.08,0,1.8,0.36,"{3: 21.666666666666668, 2: 17.666666666666668, 1: 8.666666666666666}",6.863489211845205,0.1135174403114665,0.9906593360097302,0.01638483118038564
1.08,0,1.8,0.72,"{3: 21.666666666666668, 2: 17.333333333333332, 1: 9.0}",7.262702558471983,0.49938960050288733,1.0482808192944961,0.07208068007021046
1.08,0,1.8,1.08,"{3: 23.0, 2: 16.0, 1: 9.0}",7.010742803218027,0.3659483809186924,1.01191356116429,0.05282009905822868
1.08,0,1.8,1.44,"{3: 23.666666666666668, 2: 16.333333333333332, 1: 8.0}",7.077105074029613,0.4659411253102758,1.0214921298935662,0.06725280853110119
1.08,0,1.8,1.8,"{3: 20.0, 2: 18.666666666666668, 1: 9.333333333333334}",7.462764662050975,0.26020173219213916,1.0771572966334892,0.03755688503118467
1.44,0,0.0,0.0,"{3: 21.0, 2: 17.333333333333332, 1: 9.666666666666666}",6.98464464237789,0.19442366701213487,1.008146616117688,0.0280626391215726
1.44,0,0.0,0.36,"{3: 19.666666666666668, 2: 17.333333333333332, 1: 11.0}",7.3902155572437485,0.3393858681095427,1.0666857353360097,0.048986130578049826
1.44,0,0.0,0.72,"{3: 21.666666666666668, 2: 19.0, 1: 7.333333333333333}",6.960649440421442,0.1507945529198783,1.0046832070404843,0.02176531893015524
1.44,0,0.0,1.08,"{3: 19.333333333333332, 2: 18.666666666666668, 1: 10.0}",7.793197225634766,0.43685869669390565,1.1248511290170196,0.06305512153351386
1.44,0,0.0,1.44,"{2: 16.666666666666668, 3: 23.0, 1: 8.333333333333334}",6.952108276071464,0.22196149816476085,1.0034503961563213,0.03203738267878931
1.44,0,0.0,1.8,"{3: 20.333333333333332, 2: 18.666666666666668, 1: 9.0}",7.036648230678387,0.13084735206558026,1.015652687543718,0.01888618848445314
1.44,0,0.36,0.0,"{3: 23.333333333333332, 2: 17.333333333333332, 1: 7.333333333333333}",7.028823184024663,0.3798101615656297,1.0145232393457306,0.05482087475521786
1.44,0,0.36,0.36,"{3: 20.333333333333332, 2: 19.333333333333332, 1: 8.333333333333334}",7.691289825177187,0.7615952076471226,1.1101420627453698,0.1099267995371488
1.44,0,0.36,0.72,"{3: 25.666666666666668, 2: 12.666666666666666, 1: 9.666666666666666}",6.890553108437177,0.321886926016105,0.9945656730054043,0.046460375846004855
1.44,0,0.36,1.08,"{3: 19.666666666666668, 2: 18.666666666666668, 1: 9.666666666666666}",7.641764775471771,0.34188591294461723,1.102993737550607,0.049346980967678984
1.44,0,0.36,1.44,"{2: 17.333333333333332, 3: 23.333333333333332, 1: 7.333333333333333}",6.97603749620917,0.2054785958087908,1.0069042815783218,0.02965828065072788
1.44,0,0.36,1.8,"{3: 20.333333333333332, 2: 18.0, 1: 9.666666666666666}",7.07530618853119,0.4417080437796514,1.0212324831368769,0.06375506449485115
1.44,0,0.72,0.0,"{3: 20.666666666666668, 2: 19.666666666666668, 1: 7.666666666666667}",7.595035849697605,0.14142913797171786,1.0962489980819428,0.020413537719806963
1.44,0,0.72,0.36,"{3: 22.333333333333332, 2: 17.333333333333332, 1: 8.333333333333334}",6.919736223271914,0.14604951711544917,0.9987778928068108,0.02108043200540485
1.44,0,0.72,0.72,"{3: 25.0, 2: 14.0, 1: 9.0}",6.8516997093867404,0.35061682390392634,0.9889576679052289,0.050607179415835896
1.44,0,0.72,1.08,"{3: 17.666666666666668, 2: 20.0, 1: 10.333333333333334}",7.6316933289043165,0.39182176390352724,1.1015400494538945,0.056554600216013905
1.44,0,0.72,1.44,"{3: 20.333333333333332, 2: 20.0, 1: 7.666666666666667}",7.443188534815153,0.618940993726193,1.0743317260511662,0.08933643733507803
1.44,0,0.72,1.8,"{3: 19.666666666666668, 2: 19.333333333333332, 1: 9.0}",7.208346746341793,0.4415591161126631,1.0404352336031495,0.06373356863769478
1.44,0,1.08,0.0,"{3: 21.666666666666668, 2: 17.333333333333332, 1: 9.0}",7.063699066232096,0.4767333790230983,1.0195571393409022,0.06881053617766646
1.44,0,1.08,0.36,"{3: 23.333333333333332, 2: 16.666666666666668, 1: 8.0}",6.909125468450452,0.24226044316070217,0.997246362268692,0.034967283018207354
1.44,0,1.08,0.72,"{3: 20.666666666666668, 2: 15.333333333333334, 1: 12.0}",7.61437647831914,0.3972970179781059,1.0990405773671776,0.05734488506947375
1.44,0,1.08,1.08,"{3: 21.0, 2: 17.333333333333332, 1: 9.666666666666666}",7.296236469512787,0.4239330850278248,1.0531210224360932,0.061189470189800796
1.44,0,1.08,1.44,"{3: 23.333333333333332, 2: 17.333333333333332, 1: 7.333333333333333}",6.675309343918112,0.2941301142533046,0.9634979116587866,0.042454025160230176
1.44,0,1.08,1.8,"{3: 22.0, 2: 17.333333333333332, 1: 8.666666666666666}",7.1582529814016596,0.46508152868967695,1.0332048214349225,0.06712873644602693
1.44,0,1.44,0.0,"{3: 17.0, 2: 19.333333333333332, 1: 11.666666666666666}",7.789287602770604,0.4856467934526542,1.1242868235637558,0.07009707673274221
1.44,0,1.44,0.36,"{2: 21.0, 3: 20.0, 1: 7.0}",7.058765479204362,0.27415493450113443,1.0188450373912692,0.03957085630847352
1.44,0,1.44,0.72,"{3: 23.0, 2: 16.333333333333332, 1: 8.666666666666666}",7.254631890017966,0.44318808351691036,1.0471159186433792,0.06396868983003062
1.44,0,1.44,1.08,"{2: 20.0, 3: 20.666666666666668, 1: 7.333333333333333}",7.2972348678760275,0.18301385218443983,1.0532651288270367,0.02641577420602917
1.44,0,1.44,1.44,"{3: 21.666666666666668, 2: 17.0, 1: 9.333333333333334}",7.787707815287746,0.6192218402235793,1.124058800881633,0.08937697403529479
1.44,0,1.44,1.8,"{3: 20.666666666666668, 2: 18.666666666666668, 1: 8.666666666666666}",7.209140548868267,0.397758127691734,1.040549809128735,0.05741144052379603
1.44,0,1.8,0.0,"{3: 22.0, 2: 17.0, 1: 9.0}",7.047245151993667,0.4474323651743158,1.017182221387207,0.06458129911938551
1.44,0,1.8,0.36,"{3: 24.0, 2: 13.333333333333334, 1: 10.666666666666666}",6.789531655177785,0.39755117956792263,0.979984482197095,0.057381570135048354
1.44,0,1.8,0.72,"{3: 22.333333333333332, 2: 16.0, 1: 9.666666666666666}",6.95365329541842,0.1463437571770842,1.003673400490288,0.02112290190010268
1.44,0,1.8,1.08,"{3: 24.333333333333332, 2: 15.333333333333334, 1: 8.333333333333334}",6.95232393052424,0.34186284647606674,1.0034815231954117,0.049343651609722206
1.44,0,1.8,1.44,"{3: 21.666666666666668, 2: 18.0, 1: 8.333333333333334}",7.045432528883581,0.41758888987746734,1.0169205917770705,0.06027376449533813
1.44,0,1.8,1.8,"{3: 23.333333333333332, 2: 16.0, 1: 8.666666666666666}",6.795141526585117,0.13590664133870178,0.9807941973888806,0.019616433990389363
1.8,0,0.0,0.0,"{3: 19.333333333333332, 2: 18.0, 1: 10.666666666666666}",7.487732506616472,0.11527789333753755,1.080761094578733,0.01663893068751012
1.8,0,0.0,0.36,"{3: 23.333333333333332, 2: 14.0, 1: 10.666666666666666}",7.144484353929563,0.13832088890522073,1.0312174912405756,0.01996490061099435
1.8,0,0.0,0.72,"{3: 21.666666666666668, 2: 18.0, 1: 8.333333333333334}",7.307571892869951,0.012055926007505088,1.0547571498677522,0.0017401230314408405
1.8,0,0.0,1.08,"{3: 21.666666666666668, 2: 17.333333333333332, 1: 9.0}",7.07676478210697,0.1365573283118836,1.0214430129852805,0.019710352565170473
1.8,0,0.0,1.44,"{3: 24.333333333333332, 2: 14.666666666666666, 1: 9.0}",7.090551522196004,0.5818227981880139,1.0234329575106935,0.08397888728862775
1.8,0,0.0,1.8,"{3: 18.666666666666668, 2: 21.0, 1: 8.333333333333334}",7.359427297952336,0.43250988411560504,1.0622418328885652,0.06242742450532964
1.8,0,0.36,0.0,"{3: 21.666666666666668, 2: 18.0, 1: 8.333333333333334}",7.0721879896690725,0.36965587335579103,1.0207824098987694,0.05335522949737302
1.8,0,0.36,0.36,"{3: 22.0, 2: 17.333333333333332, 1: 8.666666666666666}",7.078831756546555,0.08215691574236691,1.0217413550475563,0.01185832935491119
1.8,0,0.36,0.72,"{3: 19.333333333333332, 2: 22.666666666666668, 1: 6.0}",7.754326877587107,0.41983280355115343,1.1192406775398167,0.060597645536223405
1.8,0,0.36,1.08,"{3: 18.333333333333332, 2: 20.0, 1: 9.666666666666666}",7.943281039355803,0.35200054739468145,1.1465138615802308,0.05080690269830372
1.8,0,0.36,1.44,"{3: 24.333333333333332, 2: 15.333333333333334, 1: 8.333333333333334}",6.922112121719114,0.09556303086349313,0.9991208242088256,0.013793335398403607
1.8,0,0.36,1.8,"{3: 20.333333333333332, 2: 18.0, 1: 9.666666666666666}",7.0242996888119515,0.26393083110574755,1.0138703290510465,0.03809513409658631
1.8,0,0.72,0.0,"{2: 18.0, 3: 21.666666666666668, 1: 8.333333333333334}",7.028950358953367,0.42231219744411924,1.0145415954655608,0.060955515219106124
1.8,0,0.72,0.36,"{3: 20.333333333333332, 2: 20.0, 1: 7.666666666666667}",7.3615893824170975,0.305238834628463,1.0625539029005007,0.04405743083496768
1.8,0,0.72,0.72,"{3: 21.666666666666668, 2: 16.666666666666668, 1: 9.666666666666666}",7.185143987590524,0.3078484893686444,1.0370862038504027,0.044434102051651575
1.8,0,0.72,1.08,"{3: 22.666666666666668, 2: 15.333333333333334, 1: 10.0}",7.089351719695994,0.12866684657052482,1.0232597809366049,0.01857145962581823
1.8,0,0.72,1.44,"{3: 21.333333333333332, 2: 18.666666666666668, 1: 8.0}",7.261201457044588,0.03061366541037302,1.0480641539661988,0.004418701991389963
1.8,0,0.72,1.8,"{3: 21.333333333333332, 2: 15.333333333333334, 1: 11.333333333333334}",7.19128710227352,0.35429213161792333,1.037972886079375,0.05113766439034358
1.8,0,1.08,0.0,"{3: 21.0, 2: 17.333333333333332, 1: 9.666666666666666}",7.136206010257321,0.13734463107748965,1.0300226152536724,0.01982398993108461
1.8,0,1.08,0.36,"{3: 24.333333333333332, 2: 16.0, 1: 7.666666666666667}",6.829668185120344,0.30716080305397814,0.9857776912887634,0.044334843081929004
1.8,0,1.08,0.72,"{3: 24.0, 2: 14.666666666666666, 1: 9.333333333333334}",6.751299374182551,0.16568335198578504,0.9744661277660122,0.023914331967308147
1.8,0,1.08,1.08,"{3: 22.333333333333332, 2: 16.0, 1: 9.666666666666666}",7.581890005815307,1.0857540070347615,1.0943515589559,0.15671509205880862
1.8,0,1.08,1.44,"{3: 20.333333333333332, 2: 18.0, 1: 9.666666666666666}",7.539351238451726,0.510503142803233,1.0882116167588107,0.07368478172989909
1.8,0,1.08,1.8,"{3: 21.0, 2: 18.0, 1: 9.0}",7.074834377548797,0.13960845602782332,1.0211643830874542,0.020150744917203017
1.8,0,1.44,0.0,"{3: 23.333333333333332, 2: 16.0, 1: 8.666666666666666}",6.8675340172168164,0.1527059755295717,0.9912431533772604,0.022041209019715624
1.8,0,1.44,0.36,"{2: 20.0, 3: 19.333333333333332, 1: 8.666666666666666}",7.469112371007566,0.34670134762779903,1.0780735095021956,0.050042029095328906
1.8,0,1.44,0.72,"{3: 21.333333333333332, 2: 18.0, 1: 8.666666666666666}",7.454038507958188,0.31265879761863535,1.075897784779874,0.045128410242405936
1.8,0,1.44,1.08,"{2: 20.666666666666668, 3: 19.666666666666668, 1: 7.666666666666667}",7.22425483871088,0.05060639133470584,1.0427313689560458,0.007304403414952014
1.8,0,1.44,1.44,"{3: 23.333333333333332, 2: 16.0, 1: 8.666666666666666}",6.977755278822052,0.14341089755541384,1.007152222141811,0.020699580077085982
1.8,0,1.44,1.8,"{3: 18.666666666666668, 2: 20.0, 1: 9.333333333333334}",7.331608276953091,0.2601689785254992,1.058226503072939,0.037552157446621756
1.8,0,1.8,0.0,"{3: 21.666666666666668, 1: 8.333333333333334, 2: 18.0}",6.913316626043638,0.14938139824851698,0.9978513037598525,0.021561347622676003
1.8,0,1.8,0.36,"{3: 21.333333333333332, 2: 18.666666666666668, 1: 8.0}",7.143032520924493,0.28933123305736297,1.0310079371965017,0.041761366322658734
1.8,0,1.8,0.72,"{2: 18.666666666666668, 3: 21.0, 1: 8.333333333333334}",7.050023741312714,0.12500358024966582,1.0175832762100372,0.0180427126767029
1.8,0,1.8,1.08,"{2: 20.666666666666668, 3: 18.0, 1: 9.333333333333334}",7.631805495512114,0.2122296078516454,1.1015562393091962,0.030632705305789105
1.8,0,1.8,1.44,"{3: 21.666666666666668, 2: 18.0, 1: 8.333333333333334}",7.0276916413853705,0.2217991648499293,1.0143599152338816,0.03201395188303527
1.8,0,1.8,1.8,"{3: 22.333333333333332, 2: 18.0, 1: 7.666666666666667}",7.186685479989227,0.39288487458156385,1.0373086991132388,0.05670804702504962
